{"options":{"check_for_updates":true,"user_modified":1710672776856,"comment":"복붙 막아놓은거 우회해서 구현하긴 했는데 \n아쉽게도 이모티콘은 복사가 안돼서 이모티콘은 제대로 동작하지 않습니다.","compatopts_for_requires":true,"compat_wrappedjsobject":false,"compat_metadata":false,"compat_foreach":false,"compat_powerful_this":null,"sandbox":null,"noframes":null,"unwrap":null,"run_at":null,"tab_types":null,"override":{"use_includes":[],"orig_includes":[],"merge_includes":true,"use_matches":[],"orig_matches":["https://play.afreecatv.com/*/*"],"merge_matches":true,"use_excludes":[],"orig_excludes":[],"merge_excludes":true,"use_connects":[],"orig_connects":[],"merge_connects":true,"use_blockers":[],"orig_run_at":"document-idle","orig_noframes":null}},"settings":{"enabled":true,"position":1},"meta":{"name":"Afreeca Chat UI Extension","uuid":"4ed8dead-b7c6-44da-ac94-d741b86c2e4e","modified":1710673587942,"file_url":"https://github.com/youngeun-ahn/tampermonkey-scripts/blob/main/afreeca-chat-ui-extension.js"}}